﻿
Name,LAUREN MELENEY
Address,"3879 WHITTLE AVE, OAKLAND CA 946022466"
Account Number,0093607678
Service,Service 1

TYPE,START DATE,END DATE,USAGE (therms),COST,NOTES
Natural gas billing,2023-01-28,2023-02-28,77.00,$249.49
Natural gas billing,2023-03-01,2023-03-29,58.00,$93.42
Natural gas billing,2023-03-30,2023-04-28,46.00,$95.34
Natural gas billing,2023-04-29,2023-05-30,34.00,$64.77
Natural gas billing,2023-05-31,2023-06-28,20.00,$36.78
Natural gas billing,2023-06-29,2023-07-28,13.00,$23.67
Natural gas billing,2023-07-29,2023-08-28,12.00,$22.47
Natural gas billing,2023-08-29,2023-09-26,8.00,$16.38
Natural gas billing,2023-09-27,2023-10-27,13.00,$28.99
Natural gas billing,2023-10-28,2023-11-29,42.00,$98.62
Natural gas billing,2023-11-30,2023-12-28,39.00,$98.56
Natural gas billing,2023-12-29,2024-01-29,64.00,$178.35
Natural gas billing,2024-01-30,2024-02-28,55.00,$154.85
Natural gas billing,2024-02-29,2024-03-28,45.00,$113.52
Natural gas billing,2024-03-29,2024-04-29,53.00,$44.00
Natural gas billing,2024-04-30,2024-05-29,34.00,$80.87
Natural gas billing,2024-05-30,2024-06-27,22.00,$51.71
Natural gas billing,2024-06-28,2024-07-26,6.00,$14.46
Natural gas billing,2024-07-27,2024-08-27,8.00,$20.46
Natural gas billing,2024-08-28,2024-09-26,15.00,$40.04
Natural gas billing,2024-09-27,2024-10-25,13.00,$27.90
Natural gas billing,2024-10-26,2024-11-25,42.00,$115.42
Natural gas billing,2024-11-26,2024-12-26,29.00,$80.08
Natural gas billing,2024-12-27,2025-01-27,48.00,$141.17
Natural gas billing,2025-01-28,2025-02-26,43.00,$127.75
Natural gas billing,2025-02-27,2025-03-27,34.00,$95.20
Natural gas billing,2025-03-28,2025-04-25,26.00,$7.83
Natural gas billing,2025-04-26,2025-05-27,19.00,$52.36
Natural gas billing,2025-05-28,2025-06-26,17.00,$47.44
Natural gas billing,2025-06-27,2025-07-28,14.00,$39.03
Natural gas billing,2025-07-29,2025-08-26,8.00,$22.23
Natural gas billing,2025-08-27,2025-09-25,5.00,$14.06
Natural gas billing,2025-09-26,2025-10-27,15.00,$42.76
Natural gas billing,2025-10-28,2025-11-25,22.00,$65.62
Natural gas billing,2025-11-26,2025-12-27,39.00,$122.86
Natural gas billing,2025-12-28,2026-01-28,50.00,$149.50
